{
  "version": "1.0",
  "controlPoints": [
    {
      "x": 3.973296089385475,
      "y": 7.586284934056909
    },
    {
      "x": 6.837765363128492,
      "y": 7.3090782380822015
    },
    {
      "x": 7.8079888268156425,
      "y": 4.698715184320374
    }
  ],
  "constraints": {
    "maxVelocity": 5,
    "maxAcceleration": 10.791,
    "startVelocity": 0,
    "endVelocity": 0
  }
}